scenario,cagr_pct,sharpe,sortino,max_dd_pct,calmar,winrate_pct,vs_base_pct
S1: 2× costs,17.72,1.115,1.312,-32.28,0.549,55.6,-8.97
S2: 5× costs,-4.44,-0.282,-0.334,-43.08,-0.103,55.5,-31.13
S3: Tight stops,28.1,1.762,2.062,-31.39,0.895,53.6,1.41
S4: Wide stops,28.17,1.792,2.128,-29.57,0.953,55.8,1.47
S5: Low exposure,27.55,1.802,2.087,-28.98,0.951,55.5,0.86
S6: Large-cap only,12.35,0.958,1.174,-24.28,0.509,56.8,-14.34
S7: Small/mid only,29.4,1.726,2.049,-31.6,0.93,54.1,2.71
S8: COVID crash,30.15,2.038,2.551,-17.24,1.749,55.7,3.46
S9: 2022 rate shock,31.38,2.081,2.292,-31.14,1.008,57.0,4.69
S10: Both crashes,32.59,2.37,2.818,-16.24,2.007,57.4,5.9
